,time,agent_id,lng,lat,heading,geometry,seq,origin_seq
0,2013-10-22 06:21:58,22223,114.130882,22.579582,0.0,POINT (114.130882 22.579582),0,0
1,2013-10-22 06:22:00,22223,114.1308352,22.57945773333333,0.0,POINT (114.1308352 22.57945773333333),1,1
2,2013-10-22 06:22:13,22223,114.130531,22.57865,0.0,POINT (114.130531 22.57865),2,2
3,2013-10-22 06:22:15,22223,114.1304374,22.5785612,0.0,POINT (114.1304374 22.5785612),3,3
4,2013-10-22 06:22:28,22223,114.129829,22.577984,0.0,POINT (114.129829 22.577984),4,4
5,2013-10-22 06:22:30,22223,114.1296358,22.577961866666666,0.0,POINT (114.1296358 22.577961866666666),5,5
6,2013-10-22 06:22:43,22223,114.12838,22.577818,0.0,POINT (114.12838 22.577818),6,6
7,2013-10-22 06:22:45,22223,114.1281605,22.57778025,0.0,POINT (114.1281605 22.57778025),7,7
8,2013-10-22 06:22:51,22223,114.127502,22.577667,0.0,POINT (114.127502 22.577667),8,8
9,2013-10-22 06:23:00,22223,114.1263716,22.5774966,0.0,POINT (114.1263716 22.5774966),9,9
10,2013-10-22 06:23:06,22223,114.125618,22.577383,0.0,POINT (114.125618 22.577383),10,10
11,2013-10-22 06:23:15,22223,114.1244186,22.5772138,0.0,POINT (114.1244186 22.5772138),11,11
12,2013-10-22 06:23:21,22223,114.123619,22.577101,0.0,POINT (114.123619 22.577101),12,12
13,2013-10-22 06:23:30,22223,114.1222594,22.5770206,0.0,POINT (114.1222594 22.5770206),13,13
14,2013-10-22 06:23:36,22223,114.121353,22.576967,0.0,POINT (114.121353 22.576967),14,14
15,2013-10-22 06:23:45,22223,114.1201632,22.5768872,0.0,POINT (114.1201632 22.5768872),15,15
16,2013-10-22 06:23:51,22223,114.11937,22.576834,0.0,POINT (114.11937 22.576834),16,16
17,2013-10-22 06:24:00,22223,114.1183578,22.577053600000003,0.0,POINT (114.1183578 22.577053600000003),17,17
18,2013-10-22 06:24:06,22223,114.117683,22.5772,0.0,POINT (114.117683 22.5772),18,18
19,2013-10-22 06:24:15,22223,114.1169048,22.5777994,0.0,POINT (114.1169048 22.5777994),19,19
20,2013-10-22 06:24:21,22223,114.116386,22.578199,0.0,POINT (114.116386 22.578199),20,20
21,2013-10-22 06:24:30,22223,114.1157818,22.5789604,0.0,POINT (114.1157818 22.5789604),21,21
22,2013-10-22 06:24:36,22223,114.115379,22.579468,0.0,POINT (114.115379 22.579468),22,22
23,2013-10-22 06:24:45,22223,114.1150496,22.580347,0.0,POINT (114.1150496 22.580347),23,23
24,2013-10-22 06:24:51,22223,114.11483,22.580933,0.0,POINT (114.11483 22.580933),24,24
25,2013-10-22 06:25:00,22223,114.114752,22.5815426,0.0,POINT (114.114752 22.5815426),25,25
26,2013-10-22 06:25:06,22223,114.1147,22.581949,0.0,POINT (114.1147 22.581949),26,26
27,2013-10-22 06:25:15,22223,114.1154416,22.58209,0.0,POINT (114.1154416 22.58209),27,27
28,2013-10-22 06:25:21,22223,114.115936,22.582184,0.0,POINT (114.115936 22.582184),28,28
29,2013-10-22 06:25:30,22223,114.1168654,22.582743800000003,0.0,POINT (114.1168654 22.582743800000003),29,29
30,2013-10-22 06:25:36,22223,114.117485,22.583117,0.0,POINT (114.117485 22.583117),30,30
31,2013-10-22 06:25:45,22223,114.1180616,22.5835664,0.0,POINT (114.1180616 22.5835664),31,31
32,2013-10-22 06:25:51,22223,114.118446,22.583866,0.0,POINT (114.118446 22.583866),32,32
33,2013-10-22 06:26:00,22223,114.11845665517242,22.58387727586207,0.0,POINT (114.11845665517242 22.58387727586207),33,33
34,2013-10-22 06:26:15,22223,114.11847441379312,22.58389606896552,0.0,POINT (114.11847441379312 22.58389606896552),34,34
35,2013-10-22 06:26:30,22223,114.1184921724138,22.58391486206897,0.0,POINT (114.1184921724138 22.58391486206897),35,35
36,2013-10-22 06:26:45,22223,114.11850993103448,22.583933655172416,0.0,POINT (114.11850993103448 22.583933655172416),36,36
37,2013-10-22 06:27:00,22223,114.11852768965518,22.583952448275863,0.0,POINT (114.11852768965518 22.583952448275863),37,37
38,2013-10-22 06:27:15,22223,114.11854544827588,22.58397124137931,0.0,POINT (114.11854544827588 22.58397124137931),38,38
39,2013-10-22 06:27:30,22223,114.11856320689655,22.58399003448276,0.0,POINT (114.11856320689655 22.58399003448276),39,39
40,2013-10-22 06:27:45,22223,114.11858096551724,22.584008827586207,0.0,POINT (114.11858096551724 22.584008827586207),40,40
41,2013-10-22 06:28:00,22223,114.11859872413793,22.584027620689657,0.0,POINT (114.11859872413793 22.584027620689657),41,41
42,2013-10-22 06:28:15,22223,114.11861648275864,22.584046413793104,0.0,POINT (114.11861648275864 22.584046413793104),42,42
43,2013-10-22 06:28:30,22223,114.11863424137933,22.58406520689656,0.0,POINT (114.11863424137933 22.58406520689656),43,43
44,2013-10-22 06:28:45,22223,114.118652,22.584084,0.0,POINT (114.118652 22.584084),44,44
45,2013-10-22 06:28:51,22223,114.118652,22.584084,0.0,POINT (114.118652 22.584084),45,45
46,2013-10-22 06:29:00,22223,114.118382,22.5839238,0.0,POINT (114.118382 22.5839238),46,46
47,2013-10-22 06:29:06,22223,114.118202,22.583817,0.0,POINT (114.118202 22.583817),47,47
48,2013-10-22 06:29:15,22223,114.11820041,22.5838155,0.0,POINT (114.11820041 22.5838155),48,48
49,2013-10-22 06:29:30,22223,114.11819776,22.583813,0.0,POINT (114.11819776 22.583813),49,49
50,2013-10-22 06:29:45,22223,114.11819511,22.5838105,0.0,POINT (114.11819511 22.5838105),50,50
51,2013-10-22 06:30:00,22223,114.11819246,22.583808,0.0,POINT (114.11819246 22.583808),51,51
52,2013-10-22 06:30:15,22223,114.11818981,22.5838055,0.0,POINT (114.11818981 22.5838055),52,52
53,2013-10-22 06:30:30,22223,114.11818716,22.583803,0.0,POINT (114.11818716 22.583803),53,53
54,2013-10-22 06:30:45,22223,114.11818451,22.5838005,0.0,POINT (114.11818451 22.5838005),54,54
55,2013-10-22 06:31:00,22223,114.11818186,22.583798,0.0,POINT (114.11818186 22.583798),55,55
56,2013-10-22 06:31:15,22223,114.11817921,22.5837955,0.0,POINT (114.11817921 22.5837955),56,56
57,2013-10-22 06:31:30,22223,114.11817656,22.583793,0.0,POINT (114.11817656 22.583793),57,57
58,2013-10-22 06:31:45,22223,114.11817391,22.5837905,0.0,POINT (114.11817391 22.5837905),58,58
59,2013-10-22 06:32:00,22223,114.11817126,22.583788,0.0,POINT (114.11817126 22.583788),59,59
60,2013-10-22 06:32:15,22223,114.11816861,22.5837855,0.0,POINT (114.11816861 22.5837855),60,60
61,2013-10-22 06:32:30,22223,114.11816596,22.583783,0.0,POINT (114.11816596 22.583783),61,61
62,2013-10-22 06:32:45,22223,114.11816331,22.5837805,0.0,POINT (114.11816331 22.5837805),62,62
63,2013-10-22 06:33:00,22223,114.11816066,22.583778,0.0,POINT (114.11816066 22.583778),63,63
64,2013-10-22 06:33:15,22223,114.11815801,22.5837755,0.0,POINT (114.11815801 22.5837755),64,64
65,2013-10-22 06:33:30,22223,114.11815536,22.583773,0.0,POINT (114.11815536 22.583773),65,65
66,2013-10-22 06:33:45,22223,114.11815271,22.5837705,0.0,POINT (114.11815271 22.5837705),66,66
67,2013-10-22 06:34:00,22223,114.11815006,22.583768000000003,0.0,POINT (114.11815006 22.583768000000003),67,67
68,2013-10-22 06:34:06,22223,114.118149,22.583767,0.0,POINT (114.118149 22.583767),68,68
69,2013-10-22 06:34:15,22223,114.118149,22.583769198473284,0.0,POINT (114.118149 22.583769198473284),69,69
70,2013-10-22 06:34:30,22223,114.118149,22.58377286259542,0.0,POINT (114.118149 22.58377286259542),70,70
71,2013-10-22 06:34:45,22223,114.118149,22.58377652671756,0.0,POINT (114.118149 22.58377652671756),71,71
72,2013-10-22 06:35:00,22223,114.118149,22.583780190839697,0.0,POINT (114.118149 22.583780190839697),72,72
73,2013-10-22 06:35:15,22223,114.118149,22.58378385496184,0.0,POINT (114.118149 22.58378385496184),73,73
74,2013-10-22 06:35:30,22223,114.118149,22.58378751908397,0.0,POINT (114.118149 22.58378751908397),74,74
75,2013-10-22 06:35:45,22223,114.118149,22.583791183206102,0.0,POINT (114.118149 22.583791183206102),75,75
76,2013-10-22 06:36:00,22223,114.118149,22.58379484732824,0.0,POINT (114.118149 22.58379484732824),76,76
77,2013-10-22 06:36:15,22223,114.118149,22.583798511450382,0.0,POINT (114.118149 22.583798511450382),77,77
78,2013-10-22 06:36:17,22223,114.118149,22.583799,0.0,POINT (114.118149 22.583799),78,78
79,2013-10-22 06:36:21,22223,114.118149,22.583799,0.0,POINT (114.118149 22.583799),79,79
80,2013-10-22 06:36:30,22223,114.118149,22.5837594,0.0,POINT (114.118149 22.5837594),80,80
81,2013-10-22 06:36:36,22223,114.118149,22.583733,0.0,POINT (114.118149 22.583733),81,81
82,2013-10-22 06:36:44,22223,114.118118,22.583668,0.0,POINT (114.118118 22.583668),82,82
83,2013-10-22 06:36:45,22223,114.11811585714284,22.583668,0.0,POINT (114.11811585714284 22.583668),83,83
84,2013-10-22 06:36:51,22223,114.118103,22.583668,0.0,POINT (114.118103 22.583668),84,84
85,2013-10-22 06:37:00,22223,114.1181216,22.5836974,0.0,POINT (114.1181216 22.5836974),85,85
86,2013-10-22 06:37:06,22223,114.118134,22.583717,0.0,POINT (114.118134 22.583717),86,86
87,2013-10-22 06:37:15,22223,114.11813352,22.583717,0.0,POINT (114.11813352 22.583717),87,87
88,2013-10-22 06:37:30,22223,114.11813272,22.583717,0.0,POINT (114.11813272 22.583717),88,88
89,2013-10-22 06:37:45,22223,114.11813192,22.583717,0.0,POINT (114.11813192 22.583717),89,89
90,2013-10-22 06:38:00,22223,114.11813112,22.583717,0.0,POINT (114.11813112 22.583717),90,90
91,2013-10-22 06:38:15,22223,114.11813032,22.583717,0.0,POINT (114.11813032 22.583717),91,91
92,2013-10-22 06:38:30,22223,114.11812952,22.583717,0.0,POINT (114.11812952 22.583717),92,92
93,2013-10-22 06:38:45,22223,114.11812872,22.583717,0.0,POINT (114.11812872 22.583717),93,93
94,2013-10-22 06:39:00,22223,114.11812792,22.583717,0.0,POINT (114.11812792 22.583717),94,94
95,2013-10-22 06:39:15,22223,114.11812712,22.583717,0.0,POINT (114.11812712 22.583717),95,95
96,2013-10-22 06:39:30,22223,114.11812632,22.583717,0.0,POINT (114.11812632 22.583717),96,96
97,2013-10-22 06:39:45,22223,114.11812552,22.583717,0.0,POINT (114.11812552 22.583717),97,97
98,2013-10-22 06:40:00,22223,114.11812472,22.583717,0.0,POINT (114.11812472 22.583717),98,98
99,2013-10-22 06:40:15,22223,114.11812392,22.583717,0.0,POINT (114.11812392 22.583717),99,99
100,2013-10-22 06:40:30,22223,114.11812312,22.583717,0.0,POINT (114.11812312 22.583717),100,100
101,2013-10-22 06:40:45,22223,114.11812232,22.583717,0.0,POINT (114.11812232 22.583717),101,101
102,2013-10-22 06:41:00,22223,114.11812152,22.583717,0.0,POINT (114.11812152 22.583717),102,102
103,2013-10-22 06:41:15,22223,114.11812072,22.583717,0.0,POINT (114.11812072 22.583717),103,103
104,2013-10-22 06:41:30,22223,114.11811992,22.583717,0.0,POINT (114.11811992 22.583717),104,104
105,2013-10-22 06:41:45,22223,114.11811912,22.583717,0.0,POINT (114.11811912 22.583717),105,105
106,2013-10-22 06:42:00,22223,114.11811832,22.583717,0.0,POINT (114.11811832 22.583717),106,106
107,2013-10-22 06:42:06,22223,114.118118,22.583717,0.0,POINT (114.118118 22.583717),107,107
108,2013-10-22 06:42:15,22223,114.1181127,22.5837153,0.0,POINT (114.1181127 22.5837153),108,108
109,2013-10-22 06:42:30,22223,114.11810386666666,22.583712466666668,0.0,POINT (114.11810386666666 22.583712466666668),109,109
110,2013-10-22 06:42:45,22223,114.11809503333332,22.58370963333333,0.0,POINT (114.11809503333332 22.58370963333333),110,110
111,2013-10-22 06:43:00,22223,114.1180862,22.5837068,0.0,POINT (114.1180862 22.5837068),111,111
112,2013-10-22 06:43:15,22223,114.11807736666668,22.58370396666667,0.0,POINT (114.11807736666668 22.58370396666667),112,112
113,2013-10-22 06:43:30,22223,114.11806853333331,22.58370113333333,0.0,POINT (114.11806853333331 22.58370113333333),113,113
114,2013-10-22 06:43:36,22223,114.118065,22.5837,0.0,POINT (114.118065 22.5837),114,114
115,2013-10-22 06:43:45,22223,114.1180374,22.5836094,0.0,POINT (114.1180374 22.5836094),115,115
116,2013-10-22 06:43:51,22223,114.118019,22.583549,0.0,POINT (114.118019 22.583549),116,116
117,2013-10-22 06:44:00,22223,114.1173782,22.5831098,0.0,POINT (114.1173782 22.5831098),117,117
118,2013-10-22 06:44:06,22223,114.116951,22.582817,0.0,POINT (114.116951 22.582817),118,118
119,2013-10-22 06:44:15,22223,114.1162598,22.5824168,0.0,POINT (114.1162598 22.5824168),119,119
120,2013-10-22 06:44:21,22223,114.115799,22.58215,0.0,POINT (114.115799 22.58215),120,120
121,2013-10-22 06:44:30,22223,114.1154876,22.5820798,0.0,POINT (114.1154876 22.5820798),121,121
122,2013-10-22 06:44:36,22223,114.11528,22.582033,0.0,POINT (114.11528 22.582033),122,122
123,2013-10-22 06:44:45,22223,114.11527837349398,22.582030343373493,0.0,POINT (114.11527837349398 22.582030343373493),123,123
124,2013-10-22 06:45:00,22223,114.1152756626506,22.58202591566265,0.0,POINT (114.1152756626506 22.58202591566265),124,124
125,2013-10-22 06:45:15,22223,114.11527295180724,22.58202148795181,0.0,POINT (114.11527295180724 22.58202148795181),125,125
126,2013-10-22 06:45:30,22223,114.11527024096384,22.58201706024096,0.0,POINT (114.11527024096384 22.58201706024096),126,126
127,2013-10-22 06:45:45,22223,114.11526753012048,22.58201263253012,0.0,POINT (114.11526753012048 22.58201263253012),127,127
128,2013-10-22 06:46:00,22223,114.11526481927712,22.582008204819275,0.0,POINT (114.11526481927712 22.582008204819275),128,128
129,2013-10-22 06:46:15,22223,114.11526210843374,22.58200377710844,0.0,POINT (114.11526210843374 22.58200377710844),129,129
130,2013-10-22 06:46:30,22223,114.11525939759036,22.581999349397588,0.0,POINT (114.11525939759036 22.581999349397588),130,130
131,2013-10-22 06:46:45,22223,114.115256686747,22.581994921686743,0.0,POINT (114.115256686747 22.581994921686743),131,131
132,2013-10-22 06:47:00,22223,114.1152539759036,22.5819904939759,0.0,POINT (114.1152539759036 22.5819904939759),132,132
133,2013-10-22 06:47:15,22223,114.11525126506024,22.58198606626506,0.0,POINT (114.11525126506024 22.58198606626506),133,133
134,2013-10-22 06:47:22,22223,114.11525,22.581984,0.0,POINT (114.11525 22.581984),134,134
135,2013-10-22 06:47:30,22223,114.11525857142856,22.581964,0.0,POINT (114.11525857142856 22.581964),135,135
136,2013-10-22 06:47:36,22223,114.115265,22.581949,0.0,POINT (114.115265 22.581949),136,136
137,2013-10-22 06:47:45,22223,114.1152464,22.5819298,0.0,POINT (114.1152464 22.5819298),137,137
138,2013-10-22 06:47:51,22223,114.115234,22.581917,0.0,POINT (114.115234 22.581917),138,138
139,2013-10-22 06:48:00,22223,114.115234,22.5819362,0.0,POINT (114.115234 22.5819362),139,139
140,2013-10-22 06:48:06,22223,114.115234,22.581949,0.0,POINT (114.115234 22.581949),140,140
141,2013-10-22 06:48:15,22223,114.1152436,22.581949,0.0,POINT (114.1152436 22.581949),141,141
142,2013-10-22 06:48:21,22223,114.11525,22.581949,0.0,POINT (114.11525 22.581949),142,142
143,2013-10-22 06:48:30,22223,114.1152452,22.581964600000003,0.0,POINT (114.1152452 22.581964600000003),143,143
144,2013-10-22 06:48:45,22223,114.1152372,22.5819906,0.0,POINT (114.1152372 22.5819906),144,144
145,2013-10-22 06:48:51,22223,114.115234,22.582001,0.0,POINT (114.115234 22.582001),145,145
146,2013-10-22 06:49:00,22223,114.1149046,22.5820502,0.0,POINT (114.1149046 22.5820502),146,146
147,2013-10-22 06:49:06,22223,114.114685,22.582083,0.0,POINT (114.114685 22.582083),147,147
148,2013-10-22 06:49:15,22223,114.1143142,22.5828024,0.0,POINT (114.1143142 22.5828024),148,148
149,2013-10-22 06:49:21,22223,114.114067,22.583282,0.0,POINT (114.114067 22.583282),149,149
150,2013-10-22 06:49:30,22223,114.1132888,22.5843536,0.0,POINT (114.1132888 22.5843536),150,150
151,2013-10-22 06:49:36,22223,114.11277,22.585068,0.0,POINT (114.11277 22.585068),151,151
152,2013-10-22 06:49:45,22223,114.1122894,22.5859674,0.0,POINT (114.1122894 22.5859674),152,152
153,2013-10-22 06:49:51,22223,114.111969,22.586567,0.0,POINT (114.111969 22.586567),153,153
154,2013-10-22 06:50:00,22223,114.1112751,22.5875714,0.0,POINT (114.1112751 22.5875714),154,154
155,2013-10-22 06:50:01,22223,114.111198,22.587683,0.0,POINT (114.111198 22.587683),155,155
156,2013-10-22 06:50:06,22223,114.110664,22.588333,0.0,POINT (114.110664 22.588333),156,156
157,2013-10-22 06:50:15,22223,114.110031,22.589251,0.0,POINT (114.110031 22.589251),157,157
158,2013-10-22 06:50:30,22223,114.109730375,22.591500375,0.0,POINT (114.109730375 22.591500375),158,158
159,2013-10-22 06:50:39,22223,114.10955,22.59285,0.0,POINT (114.10955 22.59285),159,159
160,2013-10-22 06:50:45,22223,114.11002085714286,22.59380257142857,0.0,POINT (114.11002085714286 22.59380257142857),160,160
161,2013-10-22 06:51:00,22223,114.111198,22.596184,0.0,POINT (114.111198 22.596184),161,161
162,2013-10-22 06:51:15,22223,114.11235,22.598433,0.0,POINT (114.11235 22.598433),162,162
163,2013-10-22 06:51:23,22223,114.11322,22.599751,0.0,POINT (114.11322 22.599751),163,163
164,2013-10-22 06:51:30,22223,114.11420653333332,22.60094893333333,0.0,POINT (114.11420653333332 22.60094893333333),164,164
165,2013-10-22 06:51:38,22223,114.115334,22.602318,0.0,POINT (114.115334 22.602318),165,165
166,2013-10-22 06:51:45,22223,114.116181,22.6033442,0.0,POINT (114.116181 22.6033442),166,166
167,2013-10-22 06:51:53,22223,114.117149,22.604517,0.0,POINT (114.117149 22.604517),167,167
168,2013-10-22 06:52:00,22223,114.1182305,22.6056405,0.0,POINT (114.1182305 22.6056405),168,168
169,2013-10-22 06:52:01,22223,114.118385,22.605801,0.0,POINT (114.118385 22.605801),169,169
170,2013-10-22 06:52:15,22223,114.12111966666666,22.6072626,0.0,POINT (114.12111966666666 22.6072626),170,170
171,2013-10-22 06:52:16,22223,114.121315,22.607367,0.0,POINT (114.121315 22.607367),171,171
172,2013-10-22 06:52:25,22223,114.122765,22.608084,0.0,POINT (114.122765 22.608084),172,172
173,2013-10-22 06:52:30,22223,114.12361,22.608529,0.0,POINT (114.12361 22.608529),173,173
174,2013-10-22 06:52:31,22223,114.123779,22.608618,0.0,POINT (114.123779 22.608618),174,174
175,2013-10-22 06:52:39,22223,114.125053,22.60935,0.0,POINT (114.125053 22.60935),175,175
176,2013-10-22 06:52:45,22223,114.1259658,22.6098636,0.0,POINT (114.1259658 22.6098636),176,176
177,2013-10-22 06:52:54,22223,114.127335,22.610634,0.0,POINT (114.127335 22.610634),177,177
178,2013-10-22 06:53:00,22223,114.1280674,22.6108736,0.0,POINT (114.1280674 22.6108736),178,178
179,2013-10-22 06:53:09,22223,114.129166,22.611233,0.0,POINT (114.129166 22.611233),179,179
180,2013-10-22 06:53:15,22223,114.129439,22.6111364,0.0,POINT (114.129439 22.6111364),180,180
181,2013-10-22 06:53:30,22223,114.1301215,22.6108949,0.0,POINT (114.1301215 22.6108949),181,181
182,2013-10-22 06:53:39,22223,114.130531,22.61075,0.0,POINT (114.130531 22.61075),182,182
183,2013-10-22 06:53:45,22223,114.130531,22.61075,0.0,POINT (114.130531 22.61075),183,183
184,2013-10-22 06:53:54,22223,114.130531,22.61075,0.0,POINT (114.130531 22.61075),184,184
185,2013-10-22 06:54:00,22223,114.130531,22.61075,0.0,POINT (114.130531 22.61075),185,185
186,2013-10-22 06:54:09,22223,114.130531,22.61075,0.0,POINT (114.130531 22.61075),186,186
187,2013-10-22 06:54:15,22223,114.1309706,22.6106632,0.0,POINT (114.1309706 22.6106632),187,187
188,2013-10-22 06:54:24,22223,114.13163,22.610533,0.0,POINT (114.13163 22.610533),188,188
189,2013-10-22 06:54:30,22223,114.1324904,22.6103466,0.0,POINT (114.1324904 22.6103466),189,189
190,2013-10-22 06:54:39,22223,114.133781,22.610067,0.0,POINT (114.133781 22.610067),190,190
191,2013-10-22 06:54:45,22223,114.1339826,22.610007,0.0,POINT (114.1339826 22.610007),191,191
192,2013-10-22 06:54:54,22223,114.134285,22.609917,0.0,POINT (114.134285 22.609917),192,192
193,2013-10-22 06:55:00,22223,114.134285,22.609917,0.0,POINT (114.134285 22.609917),193,193
194,2013-10-22 06:55:15,22223,114.134285,22.609917,0.0,POINT (114.134285 22.609917),194,194
195,2013-10-22 06:55:17,22223,114.134285,22.609917,0.0,POINT (114.134285 22.609917),195,195
196,2013-10-22 06:55:30,22223,114.134285,22.609931733333333,0.0,POINT (114.134285 22.609931733333333),196,196
197,2013-10-22 06:55:32,22223,114.134285,22.609934,0.0,POINT (114.134285 22.609934),197,197
198,2013-10-22 06:55:45,22223,114.13448346666668,22.60988893333333,0.0,POINT (114.13448346666668 22.60988893333333),198,198
199,2013-10-22 06:55:47,22223,114.134514,22.609882,0.0,POINT (114.134514 22.609882),199,199
200,2013-10-22 06:56:00,22223,114.136061,22.6095648,0.0,POINT (114.136061 22.6095648),200,200
201,2013-10-22 06:56:02,22223,114.136299,22.609516,0.0,POINT (114.136299 22.609516),201,201
202,2013-10-22 06:56:15,22223,114.13762846666668,22.60921353333333,0.0,POINT (114.13762846666668 22.60921353333333),202,202
203,2013-10-22 06:56:17,22223,114.137833,22.609167,0.0,POINT (114.137833 22.609167),203,203
204,2013-10-22 06:56:30,22223,114.1388704,22.60910893333333,0.0,POINT (114.1388704 22.60910893333333),204,204
205,2013-10-22 06:56:32,22223,114.13903,22.6091,0.0,POINT (114.13903 22.6091),205,205
206,2013-10-22 06:56:40,22223,114.140236,22.60915,0.0,POINT (114.140236 22.60915),206,206
207,2013-10-22 06:56:45,22223,114.14091233333332,22.609244,0.0,POINT (114.14091233333332 22.609244),207,207
208,2013-10-22 06:56:55,22223,114.142265,22.609432,0.0,POINT (114.142265 22.609432),208,208
209,2013-10-22 06:57:00,22223,114.14303833333334,22.609504666666663,0.0,POINT (114.14303833333334 22.609504666666663),209,209
210,2013-10-22 06:57:10,22223,114.144585,22.60965,0.0,POINT (114.144585 22.60965),210,210
211,2013-10-22 06:57:15,22223,114.14468282608696,22.60966065217391,0.0,POINT (114.14468282608696 22.60966065217391),211,211
212,2013-10-22 06:57:30,22223,114.14497630434782,22.609692608695653,0.0,POINT (114.14497630434782 22.609692608695653),212,212
213,2013-10-22 06:57:33,22223,114.145035,22.609699,0.0,POINT (114.145035 22.609699),213,213
214,2013-10-22 06:57:45,22223,114.145023,22.6096854,0.0,POINT (114.145023 22.6096854),214,214
215,2013-10-22 06:57:48,22223,114.14502,22.609682,0.0,POINT (114.14502 22.609682),215,215
216,2013-10-22 06:58:00,22223,114.1452336,22.609682,0.0,POINT (114.1452336 22.609682),216,216
217,2013-10-22 06:58:03,22223,114.145287,22.609682,0.0,POINT (114.145287 22.609682),217,217
218,2013-10-22 06:58:15,22223,114.145299,22.6096164,0.0,POINT (114.145299 22.6096164),218,218
219,2013-10-22 06:58:18,22223,114.145302,22.6096,0.0,POINT (114.145302 22.6096),219,219
220,2013-10-22 06:58:30,22223,114.14529,22.6095744,0.0,POINT (114.14529 22.6095744),220,220
221,2013-10-22 06:58:33,22223,114.145287,22.609568,0.0,POINT (114.145287 22.609568),221,221
222,2013-10-22 06:58:45,22223,114.145299,22.6095536,0.0,POINT (114.145299 22.6095536),222,222
223,2013-10-22 06:58:48,22223,114.145302,22.60955,0.0,POINT (114.145302 22.60955),223,223
224,2013-10-22 06:59:00,22223,114.145406,22.60959,0.0,POINT (114.145406 22.60959),224,224
225,2013-10-22 06:59:03,22223,114.145432,22.6096,0.0,POINT (114.145432 22.6096),225,225
226,2013-10-22 06:59:15,22223,114.1454624,22.6096136,0.0,POINT (114.1454624 22.6096136),226,226
227,2013-10-22 06:59:18,22223,114.14547,22.609617,0.0,POINT (114.14547 22.609617),227,227
228,2013-10-22 06:59:30,22223,114.145482,22.6095898,0.0,POINT (114.145482 22.6095898),228,228
229,2013-10-22 06:59:33,22223,114.145485,22.609583,0.0,POINT (114.145485 22.609583),229,229
230,2013-10-22 06:59:45,22223,114.145497,22.6095966,0.0,POINT (114.145497 22.6095966),230,230
231,2013-10-22 06:59:48,22223,114.1455,22.6096,0.0,POINT (114.1455 22.6096),231,231
232,2013-10-22 07:00:00,22223,114.1455,22.6096,0.0,POINT (114.1455 22.6096),232,232
233,2013-10-22 07:00:03,22223,114.1455,22.6096,0.0,POINT (114.1455 22.6096),233,233
234,2013-10-22 07:00:15,22223,114.145512,22.6096136,0.0,POINT (114.145512 22.6096136),234,234
235,2013-10-22 07:00:18,22223,114.145515,22.609617,0.0,POINT (114.145515 22.609617),235,235
236,2013-10-22 07:00:30,22223,114.145515,22.609617,0.0,POINT (114.145515 22.609617),236,236
237,2013-10-22 07:00:45,22223,114.145515,22.609617,0.0,POINT (114.145515 22.609617),237,237
238,2013-10-22 07:00:48,22223,114.145515,22.609617,0.0,POINT (114.145515 22.609617),238,238
239,2013-10-22 07:01:00,22223,114.145503,22.609617,0.0,POINT (114.145503 22.609617),239,239
240,2013-10-22 07:01:03,22223,114.1455,22.609617,0.0,POINT (114.1455 22.609617),240,240
241,2013-10-22 07:01:15,22223,114.1455,22.609617,0.0,POINT (114.1455 22.609617),241,241
242,2013-10-22 07:01:30,22223,114.1455,22.609617,0.0,POINT (114.1455 22.609617),242,242
243,2013-10-22 07:01:33,22223,114.1455,22.609617,0.0,POINT (114.1455 22.609617),243,243
244,2013-10-22 07:01:45,22223,114.145488,22.609617,0.0,POINT (114.145488 22.609617),244,244
245,2013-10-22 07:01:48,22223,114.145485,22.609617,0.0,POINT (114.145485 22.609617),245,245
246,2013-10-22 07:02:00,22223,114.145485,22.609617,0.0,POINT (114.145485 22.609617),246,246
247,2013-10-22 07:02:03,22223,114.145485,22.609617,0.0,POINT (114.145485 22.609617),247,247
248,2013-10-22 07:02:15,22223,114.145485,22.609629,0.0,POINT (114.145485 22.609629),248,248
249,2013-10-22 07:02:18,22223,114.145485,22.609632,0.0,POINT (114.145485 22.609632),249,249
250,2013-10-22 07:02:30,22223,114.145497,22.6096464,0.0,POINT (114.145497 22.6096464),250,250
251,2013-10-22 07:02:33,22223,114.1455,22.60965,0.0,POINT (114.1455 22.60965),251,251
252,2013-10-22 07:02:45,22223,114.1461536,22.6096356,0.0,POINT (114.1461536 22.6096356),252,252
253,2013-10-22 07:02:48,22223,114.146317,22.609632,0.0,POINT (114.146317 22.609632),253,253
254,2013-10-22 07:03:00,22223,114.1472746,22.609272,0.0,POINT (114.1472746 22.609272),254,254
255,2013-10-22 07:03:03,22223,114.147514,22.609182,0.0,POINT (114.147514 22.609182),255,255
256,2013-10-22 07:03:15,22223,114.1487164,22.6086364,0.0,POINT (114.1487164 22.6086364),256,256
257,2013-10-22 07:03:18,22223,114.149017,22.6085,0.0,POINT (114.149017 22.6085),257,257
258,2013-10-22 07:03:30,22223,114.1500306,22.6080464,0.0,POINT (114.1500306 22.6080464),258,258
259,2013-10-22 07:03:33,22223,114.150284,22.607933,0.0,POINT (114.150284 22.607933),259,259
260,2013-10-22 07:03:45,22223,114.1518832,22.6075466,0.0,POINT (114.1518832 22.6075466),260,260
261,2013-10-22 07:03:48,22223,114.152283,22.60745,0.0,POINT (114.152283 22.60745),261,261
262,2013-10-22 07:04:00,22223,114.1538022,22.608236400000003,0.0,POINT (114.1538022 22.608236400000003),262,262
263,2013-10-22 07:04:03,22223,114.154182,22.608433,0.0,POINT (114.154182 22.608433),263,263
264,2013-10-22 07:04:15,22223,114.15497,22.6079402,0.0,POINT (114.15497 22.6079402),264,264
265,2013-10-22 07:04:18,22223,114.155167,22.607817,0.0,POINT (114.155167 22.607817),265,265
266,2013-10-22 07:04:30,22223,114.1544894,22.6065226,0.0,POINT (114.1544894 22.6065226),266,266
267,2013-10-22 07:04:33,22223,114.15432,22.606199,0.0,POINT (114.15432 22.606199),267,267
268,2013-10-22 07:04:45,22223,114.15298768421052,22.60489921052632,0.0,POINT (114.15298768421052 22.60489921052632),268,268
269,2013-10-22 07:05:00,22223,114.15132228947368,22.60327447368421,0.0,POINT (114.15132228947368 22.60327447368421),269,269
270,2013-10-22 07:05:11,22223,114.150101,22.602083,0.0,POINT (114.150101 22.602083),270,270
271,2013-10-22 07:05:15,22223,114.14973273333334,22.601443266666667,0.0,POINT (114.14973273333334 22.601443266666667),271,271
272,2013-10-22 07:05:26,22223,114.14872,22.599684,0.0,POINT (114.14872 22.599684),272,272
273,2013-10-22 07:05:30,22223,114.14841004444445,22.59905431111111,0.0,POINT (114.14841004444445 22.59905431111111),273,273
274,2013-10-22 07:05:45,22223,114.1472477111111,22.59669297777777,0.0,POINT (114.1472477111111 22.59669297777777),274,274
275,2013-10-22 07:06:00,22223,114.14608537777778,22.594331644444445,0.0,POINT (114.14608537777778 22.594331644444445),275,275
276,2013-10-22 07:06:11,22223,114.145233,22.5926,0.0,POINT (114.145233 22.5926),276,276
277,2013-10-22 07:06:15,22223,114.14486873333334,22.5918712,0.0,POINT (114.14486873333334 22.5918712),277,277
278,2013-10-22 07:06:26,22223,114.143867,22.589867,0.0,POINT (114.143867 22.589867),278,278
279,2013-10-22 07:06:30,22223,114.14364866666666,22.589217047619048,0.0,POINT (114.14364866666666 22.589217047619048),279,279
280,2013-10-22 07:06:45,22223,114.14282991666668,22.58677972619048,0.0,POINT (114.14282991666668 22.58677972619048),280,280
281,2013-10-22 07:07:00,22223,114.14201116666666,22.584342404761905,0.0,POINT (114.14201116666666 22.584342404761905),281,281
282,2013-10-22 07:07:15,22223,114.14119241666668,22.581905083333336,0.0,POINT (114.14119241666668 22.581905083333336),282,282
283,2013-10-22 07:07:30,22223,114.14037366666666,22.579467761904763,0.0,POINT (114.14037366666666 22.579467761904763),283,283
284,2013-10-22 07:07:45,22223,114.13955491666668,22.5770304404762,0.0,POINT (114.13955491666668 22.5770304404762),284,284
285,2013-10-22 07:07:50,22223,114.139282,22.576218,0.0,POINT (114.139282 22.576218),285,285
286,2013-10-22 07:08:00,22223,114.138682,22.575684000000003,0.0,POINT (114.138682 22.575684000000003),286,286
287,2013-10-22 07:08:05,22223,114.138382,22.575417,0.0,POINT (114.138382 22.575417),287,287
288,2013-10-22 07:08:15,22223,114.13777133333332,22.575627666666666,0.0,POINT (114.13777133333332 22.575627666666666),288,288
289,2013-10-22 07:08:20,22223,114.137466,22.575733,0.0,POINT (114.137466 22.575733),289,289
290,2013-10-22 07:08:30,22223,114.13677933333334,22.575977,0.0,POINT (114.13677933333334 22.575977),290,290
291,2013-10-22 07:08:35,22223,114.136436,22.576099,0.0,POINT (114.136436 22.576099),291,291
292,2013-10-22 07:08:45,22223,114.135236,22.57647833333333,0.0,POINT (114.135236 22.57647833333333),292,292
293,2013-10-22 07:08:50,22223,114.134636,22.576668,0.0,POINT (114.134636 22.576668),293,293
294,2013-10-22 07:09:00,22223,114.13343533333334,22.576978,0.0,POINT (114.13343533333334 22.576978),294,294
295,2013-10-22 07:09:05,22223,114.132835,22.577133,0.0,POINT (114.132835 22.577133),295,295
296,2013-10-22 07:09:13,22223,114.131714,22.577499,0.0,POINT (114.131714 22.577499),296,296
297,2013-10-22 07:09:15,22223,114.13139653333332,22.5775258,0.0,POINT (114.13139653333332 22.5775258),297,297
298,2013-10-22 07:09:28,22223,114.129333,22.5777,0.0,POINT (114.129333 22.5777),298,298
299,2013-10-22 07:09:30,22223,114.12895766666666,22.5776434,0.0,POINT (114.12895766666666 22.5776434),299,299
300,2013-10-22 07:09:45,22223,114.12614266666668,22.5772189,0.0,POINT (114.12614266666668 22.5772189),300,300
301,2013-10-22 07:09:58,22223,114.123703,22.576851,0.0,POINT (114.123703 22.576851),301,301
302,2013-10-22 07:10:00,22223,114.12330625,22.5768175,0.0,POINT (114.12330625 22.5768175),302,302
303,2013-10-22 07:10:06,22223,114.122116,22.576717,0.0,POINT (114.122116 22.576717),303,303
304,2013-10-22 07:10:07,22223,114.122116,22.576717,0.0,POINT (114.122116 22.576717),304,304
305,2013-10-22 07:10:14,22223,114.120636,22.5767,0.0,POINT (114.120636 22.5767),305,305
306,2013-10-22 07:10:15,22223,114.120458,22.57669673333333,0.0,POINT (114.120458 22.57669673333333),306,306
307,2013-10-22 07:10:29,22223,114.117966,22.576651,0.0,POINT (114.117966 22.576651),307,307
308,2013-10-22 07:10:30,22223,114.11777726666666,22.576647533333333,0.0,POINT (114.11777726666666 22.576647533333333),308,308
309,2013-10-22 07:10:44,22223,114.115135,22.576599,0.0,POINT (114.115135 22.576599),309,309
310,2013-10-22 07:10:45,22223,114.11499011111113,22.576597333333336,0.0,POINT (114.11499011111113 22.576597333333336),310,310
311,2013-10-22 07:10:53,22223,114.113831,22.576584,0.0,POINT (114.113831 22.576584),311,311
312,2013-10-22 07:10:59,22223,114.112984,22.576567,0.0,POINT (114.112984 22.576567),312,312
313,2013-10-22 07:11:00,22223,114.112836,22.57656366666667,0.0,POINT (114.112836 22.57656366666667),313,313
314,2013-10-22 07:11:14,22223,114.110764,22.576517,0.0,POINT (114.110764 22.576517),314,314
315,2013-10-22 07:11:15,22223,114.11060592857145,22.57646457142857,0.0,POINT (114.11060592857145 22.57646457142857),315,315
316,2013-10-22 07:11:28,22223,114.108551,22.575783,0.0,POINT (114.108551 22.575783),316,316
317,2013-10-22 07:11:30,22223,114.108271625,22.5756185,0.0,POINT (114.108271625 22.5756185),317,317
318,2013-10-22 07:11:44,22223,114.106316,22.574467,0.0,POINT (114.106316 22.574467),318,318
319,2013-10-22 07:11:45,22223,114.10619133333334,22.574389,0.0,POINT (114.10619133333334 22.574389),319,319
320,2013-10-22 07:11:50,22223,114.105568,22.573999,0.0,POINT (114.105568 22.573999),320,320
321,2013-10-22 07:12:00,22223,114.104328,22.573249625000003,0.0,POINT (114.104328 22.573249625000003),321,321
322,2013-10-22 07:12:06,22223,114.103584,22.5728,0.0,POINT (114.103584 22.5728),322,322
323,2013-10-22 07:12:15,22223,114.10219157142856,22.5719855,0.0,POINT (114.10219157142856 22.5719855),323,323
324,2013-10-22 07:12:20,22223,114.101418,22.571533,0.0,POINT (114.101418 22.571533),324,324
325,2013-10-22 07:12:30,22223,114.099782375,22.570594875,0.0,POINT (114.099782375 22.570594875),325,325
326,2013-10-22 07:12:36,22223,114.098801,22.570032,0.0,POINT (114.098801 22.570032),326,326
327,2013-10-22 07:12:45,22223,114.0972692,22.5693732,0.0,POINT (114.0972692 22.5693732),327,327
328,2013-10-22 07:12:46,22223,114.097099,22.5693,0.0,POINT (114.097099 22.5693),328,328
329,2013-10-22 07:12:51,22223,114.096397,22.569017,0.0,POINT (114.096397 22.569017),329,329
330,2013-10-22 07:13:00,22223,114.0948733,22.568432,0.0,POINT (114.0948733 22.568432),330,330
331,2013-10-22 07:13:01,22223,114.094704,22.568367,0.0,POINT (114.094704 22.568367),331,331
332,2013-10-22 07:13:08,22223,114.093651,22.5681,0.0,POINT (114.093651 22.5681),332,332
333,2013-10-22 07:13:15,22223,114.0928495,22.567910125,0.0,POINT (114.0928495 22.567910125),333,333
334,2013-10-22 07:13:16,22223,114.092735,22.567883,0.0,POINT (114.092735 22.567883),334,334
335,2013-10-22 07:13:17,22223,114.092735,22.567883,0.0,POINT (114.092735 22.567883),335,335
336,2013-10-22 07:13:30,22223,114.0920552857143,22.567728857142857,0.0,POINT (114.0920552857143 22.567728857142857),336,336
337,2013-10-22 07:13:31,22223,114.092003,22.567717,0.0,POINT (114.092003 22.567717),337,337
338,2013-10-22 07:13:45,22223,114.09050672131148,22.568294557377047,0.0,POINT (114.09050672131148 22.568294557377047),338,338
339,2013-10-22 07:14:00,22223,114.08890356557376,22.568913368852456,0.0,POINT (114.08890356557376 22.568913368852456),339,339
340,2013-10-22 07:14:15,22223,114.08730040983608,22.56953218032787,0.0,POINT (114.08730040983608 22.56953218032787),340,340
341,2013-10-22 07:14:30,22223,114.08569725409836,22.57015099180328,0.0,POINT (114.08569725409836 22.57015099180328),341,341
342,2013-10-22 07:14:45,22223,114.08409409836064,22.570769803278687,0.0,POINT (114.08409409836064 22.570769803278687),342,342
343,2013-10-22 07:15:00,22223,114.08249094262295,22.5713886147541,0.0,POINT (114.08249094262295 22.5713886147541),343,343
344,2013-10-22 07:15:15,22223,114.08088778688524,22.572007426229508,0.0,POINT (114.08088778688524 22.572007426229508),344,344
345,2013-10-22 07:15:30,22223,114.07928463114754,22.57262623770492,0.0,POINT (114.07928463114754 22.57262623770492),345,345
346,2013-10-22 07:15:33,22223,114.078964,22.57275,0.0,POINT (114.078964 22.57275),346,346
347,2013-10-22 07:15:34,22223,114.078613,22.57275,0.0,POINT (114.078613 22.57275),347,347
348,2013-10-22 07:15:35,22223,114.078613,22.57275,0.0,POINT (114.078613 22.57275),348,348
349,2013-10-22 07:15:36,22223,114.07827,22.572718,0.0,POINT (114.07827 22.572718),349,349
350,2013-10-22 07:15:41,22223,114.077583,22.572634,0.0,POINT (114.077583 22.572634),350,350
351,2013-10-22 07:15:45,22223,114.07682554545455,22.57237327272728,0.0,POINT (114.07682554545455 22.57237327272728),351,351
352,2013-10-22 07:15:52,22223,114.0755,22.571917,0.0,POINT (114.0755 22.571917),352,352
353,2013-10-22 07:16:00,22223,114.07430114285717,22.571106714285715,0.0,POINT (114.07430114285717 22.571106714285715),353,353
354,2013-10-22 07:16:06,22223,114.073402,22.570499,0.0,POINT (114.073402 22.570499),354,354
355,2013-10-22 07:16:15,22223,114.0721114,22.56995,0.0,POINT (114.0721114 22.56995),355,355
356,2013-10-22 07:16:21,22223,114.071251,22.569584,0.0,POINT (114.071251 22.569584),356,356
357,2013-10-22 07:16:30,22223,114.0696214,22.5693332,0.0,POINT (114.0696214 22.5693332),357,357
358,2013-10-22 07:16:36,22223,114.068535,22.569166,0.0,POINT (114.068535 22.569166),358,358
359,2013-10-22 07:16:45,22223,114.0669828,22.5689656,0.0,POINT (114.0669828 22.5689656),359,359
360,2013-10-22 07:16:51,22223,114.065948,22.568832,0.0,POINT (114.065948 22.568832),360,360
361,2013-10-22 07:17:00,22223,114.064259,22.5686334,0.0,POINT (114.064259 22.5686334),361,361
362,2013-10-22 07:17:06,22223,114.063133,22.568501,0.0,POINT (114.063133 22.568501),362,362
363,2013-10-22 07:17:15,22223,114.061723,22.5680198,0.0,POINT (114.061723 22.5680198),363,363
364,2013-10-22 07:17:21,22223,114.060783,22.567699,0.0,POINT (114.060783 22.567699),364,364
365,2013-10-22 07:17:30,22223,114.0591534,22.5668992,0.0,POINT (114.0591534 22.5668992),365,365
366,2013-10-22 07:17:36,22223,114.058067,22.566366,0.0,POINT (114.058067 22.566366),366,366
367,2013-10-22 07:17:45,22223,114.056465,22.5657162,0.0,POINT (114.056465 22.5657162),367,367
368,2013-10-22 07:17:51,22223,114.055397,22.565283,0.0,POINT (114.055397 22.565283),368,368
369,2013-10-22 07:18:00,22223,114.0533876,22.5650634,0.0,POINT (114.0533876 22.5650634),369,369
370,2013-10-22 07:18:06,22223,114.052048,22.564917,0.0,POINT (114.052048 22.564917),370,370
371,2013-10-22 07:18:15,22223,114.0502624,22.5650214,0.0,POINT (114.0502624 22.5650214),371,371
372,2013-10-22 07:18:16,22223,114.050064,22.565033,0.0,POINT (114.050064 22.565033),372,372
373,2013-10-22 07:18:21,22223,114.049316,22.565067,0.0,POINT (114.049316 22.565067),373,373
374,2013-10-22 07:18:30,22223,114.047348,22.565149,0.0,POINT (114.047348 22.565149),374,374
375,2013-10-22 07:18:31,22223,114.047348,22.565149,0.0,POINT (114.047348 22.565149),375,375
376,2013-10-22 07:18:38,22223,114.045815,22.56505,0.0,POINT (114.045815 22.56505),376,376
377,2013-10-22 07:18:45,22223,114.0444325,22.564714875,0.0,POINT (114.0444325 22.564714875),377,377
378,2013-10-22 07:18:46,22223,114.044235,22.564667,0.0,POINT (114.044235 22.564667),378,378
379,2013-10-22 07:19:00,22223,114.0416646,22.5638886,0.0,POINT (114.0416646 22.5638886),379,379
380,2013-10-22 07:19:01,22223,114.041481,22.563833,0.0,POINT (114.041481 22.563833),380,380
381,2013-10-22 07:19:15,22223,114.03846913333332,22.5632422,0.0,POINT (114.03846913333332 22.5632422),381,381
382,2013-10-22 07:19:16,22223,114.038254,22.5632,0.0,POINT (114.038254 22.5632),382,382
383,2013-10-22 07:19:30,22223,114.03565466666667,22.5627492,0.0,POINT (114.03565466666667 22.5627492),383,383
384,2013-10-22 07:19:31,22223,114.035469,22.562717,0.0,POINT (114.035469 22.562717),384,384
385,2013-10-22 07:19:45,22223,114.03237126666669,22.562172866666668,0.0,POINT (114.03237126666669 22.562172866666668),385,385
386,2013-10-22 07:19:46,22223,114.03215,22.562134,0.0,POINT (114.03215 22.562134),386,386
387,2013-10-22 07:19:55,22223,114.030548,22.561867,0.0,POINT (114.030548 22.561867),387,387
388,2013-10-22 07:20:00,22223,114.02959466666668,22.561728666666667,0.0,POINT (114.02959466666668 22.561728666666667),388,388
389,2013-10-22 07:20:01,22223,114.029404,22.561701,0.0,POINT (114.029404 22.561701),389,389
390,2013-10-22 07:20:15,22223,114.02656946666666,22.5612026,0.0,POINT (114.02656946666666 22.5612026),390,390
391,2013-10-22 07:20:16,22223,114.026367,22.561167,0.0,POINT (114.026367 22.561167),391,391
392,2013-10-22 07:20:30,22223,114.0239534,22.5606686,0.0,POINT (114.0239534 22.5606686),392,392
393,2013-10-22 07:20:31,22223,114.023781,22.560633,0.0,POINT (114.023781 22.560633),393,393
394,2013-10-22 07:20:40,22223,114.021919,22.560333,0.0,POINT (114.021919 22.560333),394,394
395,2013-10-22 07:20:45,22223,114.020959,22.560236333333336,0.0,POINT (114.020959 22.560236333333336),395,395
396,2013-10-22 07:20:46,22223,114.020767,22.560217,0.0,POINT (114.020767 22.560217),396,396
397,2013-10-22 07:20:54,22223,114.019264,22.560183,0.0,POINT (114.019264 22.560183),397,397
398,2013-10-22 07:21:00,22223,114.0182052,22.5602026,0.0,POINT (114.0182052 22.5602026),398,398
399,2013-10-22 07:21:09,22223,114.016617,22.560232,0.0,POINT (114.016617 22.560232),399,399
400,2013-10-22 07:21:15,22223,114.0153962,22.5600992,0.0,POINT (114.0153962 22.5600992),400,400
401,2013-10-22 07:21:24,22223,114.013565,22.5599,0.0,POINT (114.013565 22.5599),401,401
402,2013-10-22 07:21:30,22223,114.0125854,22.5595936,0.0,POINT (114.0125854 22.5595936),402,402
403,2013-10-22 07:21:39,22223,114.011116,22.559134,0.0,POINT (114.011116 22.559134),403,403
404,2013-10-22 07:21:45,22223,114.0100356,22.5586668,0.0,POINT (114.0100356 22.5586668),404,404
405,2013-10-22 07:21:54,22223,114.008415,22.557966,0.0,POINT (114.008415 22.557966),405,405
406,2013-10-22 07:22:00,22223,114.0074814,22.5575596,0.0,POINT (114.0074814 22.5575596),406,406
407,2013-10-22 07:22:09,22223,114.006081,22.55695,0.0,POINT (114.006081 22.55695),407,407
408,2013-10-22 07:22:15,22223,114.0050006,22.55655,0.0,POINT (114.0050006 22.55655),408,408
409,2013-10-22 07:22:24,22223,114.00338,22.55595,0.0,POINT (114.00338 22.55595),409,409
410,2013-10-22 07:22:30,22223,114.0022936,22.5558968,0.0,POINT (114.0022936 22.5558968),410,410
411,2013-10-22 07:22:39,22223,114.000664,22.555817,0.0,POINT (114.000664 22.555817),411,411
412,2013-10-22 07:22:45,22223,113.9995196,22.5558098,0.0,POINT (113.9995196 22.5558098),412,412
413,2013-10-22 07:22:54,22223,113.997803,22.555799,0.0,POINT (113.997803 22.555799),413,413
414,2013-10-22 07:23:00,22223,113.9968082,22.555999,0.0,POINT (113.9968082 22.555999),414,414
415,2013-10-22 07:23:09,22223,113.995316,22.556299,0.0,POINT (113.995316 22.556299),415,415
416,2013-10-22 07:23:15,22223,113.994202,22.5568126,0.0,POINT (113.994202 22.5568126),416,416
417,2013-10-22 07:23:24,22223,113.992531,22.557583,0.0,POINT (113.992531 22.557583),417,417
418,2013-10-22 07:23:30,22223,113.9916398,22.557996600000003,0.0,POINT (113.9916398 22.557996600000003),418,418
419,2013-10-22 07:23:39,22223,113.990303,22.558617,0.0,POINT (113.990303 22.558617),419,419
420,2013-10-22 07:23:45,22223,113.98915871428572,22.55895985714286,0.0,POINT (113.98915871428572 22.55895985714286),420,420
421,2013-10-22 07:23:46,22223,113.988968,22.559017,0.0,POINT (113.988968 22.559017),421,421
422,2013-10-22 07:24:00,22223,113.98652546666666,22.55909353333333,0.0,POINT (113.98652546666666 22.55909353333333),422,422
423,2013-10-22 07:24:01,22223,113.986351,22.559099,0.0,POINT (113.986351 22.559099),423,423
424,2013-10-22 07:24:15,22223,113.98358086666668,22.558524066666667,0.0,POINT (113.98358086666668 22.558524066666667),424,424
425,2013-10-22 07:24:16,22223,113.983383,22.558483,0.0,POINT (113.983383 22.558483),425,425
426,2013-10-22 07:24:30,22223,113.98101886666667,22.55795473333333,0.0,POINT (113.98101886666667 22.55795473333333),426,426
427,2013-10-22 07:24:31,22223,113.98085,22.557917,0.0,POINT (113.98085 22.557917),427,427
428,2013-10-22 07:24:45,22223,113.97823666666666,22.557342066666667,0.0,POINT (113.97823666666666 22.557342066666667),428,428
429,2013-10-22 07:24:46,22223,113.97805,22.557301,0.0,POINT (113.97805 22.557301),429,429
430,2013-10-22 07:25:00,22223,113.97560746666666,22.5568026,0.0,POINT (113.97560746666666 22.5568026),430,430
431,2013-10-22 07:25:01,22223,113.975433,22.556767,0.0,POINT (113.975433 22.556767),431,431
432,2013-10-22 07:25:15,22223,113.97289806666669,22.556767,0.0,POINT (113.97289806666669 22.556767),432,432
433,2013-10-22 07:25:16,22223,113.972717,22.556767,0.0,POINT (113.972717 22.556767),433,433
434,2013-10-22 07:25:26,22223,113.97097,22.557234,0.0,POINT (113.97097 22.557234),434,434
435,2013-10-22 07:25:30,22223,113.9704212,22.5573532,0.0,POINT (113.9704212 22.5573532),435,435
436,2013-10-22 07:25:31,22223,113.970284,22.557383,0.0,POINT (113.970284 22.557383),436,436
437,2013-10-22 07:25:40,22223,113.968498,22.5576,0.0,POINT (113.968498 22.5576),437,437
438,2013-10-22 07:25:45,22223,113.96762566666666,22.557583333333334,0.0,POINT (113.96762566666666 22.557583333333334),438,438
439,2013-10-22 07:25:55,22223,113.965881,22.55755,0.0,POINT (113.965881 22.55755),439,439
440,2013-10-22 07:26:00,22223,113.96497566666666,22.557378,0.0,POINT (113.96497566666666 22.557378),440,440
441,2013-10-22 07:26:10,22223,113.963165,22.557034,0.0,POINT (113.963165 22.557034),441,441
442,2013-10-22 07:26:15,22223,113.962359,22.556911666666668,0.0,POINT (113.962359 22.556911666666668),442,442
443,2013-10-22 07:26:25,22223,113.960747,22.556667,0.0,POINT (113.960747 22.556667),443,443
444,2013-10-22 07:26:30,22223,113.959788,22.556622666666662,0.0,POINT (113.959788 22.556622666666662),444,444
445,2013-10-22 07:26:40,22223,113.95787,22.556534,0.0,POINT (113.95787 22.556534),445,445
446,2013-10-22 07:26:45,22223,113.956891,22.55648933333333,0.0,POINT (113.956891 22.55648933333333),446,446
447,2013-10-22 07:26:55,22223,113.954933,22.5564,0.0,POINT (113.954933 22.5564),447,447
448,2013-10-22 07:27:00,22223,113.95387266666668,22.556366333333333,0.0,POINT (113.95387266666668 22.556366333333333),448,448
449,2013-10-22 07:27:10,22223,113.951752,22.556299,0.0,POINT (113.951752 22.556299),449,449
450,2013-10-22 07:27:15,22223,113.95079066666666,22.556193666666665,0.0,POINT (113.95079066666666 22.556193666666665),450,450
451,2013-10-22 07:27:25,22223,113.948868,22.555983,0.0,POINT (113.948868 22.555983),451,451
452,2013-10-22 07:27:30,22223,113.94787866666668,22.55579966666667,0.0,POINT (113.94787866666668 22.55579966666667),452,452
453,2013-10-22 07:27:40,22223,113.9459,22.555433,0.0,POINT (113.9459 22.555433),453,453
454,2013-10-22 07:27:45,22223,113.94507866666666,22.555333333333333,0.0,POINT (113.94507866666666 22.555333333333333),454,454
455,2013-10-22 07:27:55,22223,113.943436,22.555134,0.0,POINT (113.943436 22.555134),455,455
456,2013-10-22 07:28:00,22223,113.94242366666668,22.55521733333333,0.0,POINT (113.94242366666668 22.55521733333333),456,456
457,2013-10-22 07:28:10,22223,113.940399,22.555384,0.0,POINT (113.940399 22.555384),457,457
458,2013-10-22 07:28:15,22223,113.93947066666668,22.555433333333333,0.0,POINT (113.93947066666668 22.555433333333333),458,458
459,2013-10-22 07:28:25,22223,113.937614,22.555532,0.0,POINT (113.937614 22.555532),459,459
460,2013-10-22 07:28:30,22223,113.93655366666668,22.55549333333333,0.0,POINT (113.93655366666668 22.55549333333333),460,460
461,2013-10-22 07:28:40,22223,113.934433,22.555416,0.0,POINT (113.934433 22.555416),461,461
462,2013-10-22 07:28:45,22223,113.93347166666666,22.555371666666662,0.0,POINT (113.93347166666666 22.555371666666662),462,462
463,2013-10-22 07:28:55,22223,113.931549,22.555283,0.0,POINT (113.931549 22.555283),463,463
464,2013-10-22 07:29:00,22223,113.930519,22.55525175,0.0,POINT (113.930519 22.55525175),464,464
465,2013-10-22 07:29:03,22223,113.929901,22.555233,0.0,POINT (113.929901 22.555233),465,465
466,2013-10-22 07:29:15,22223,113.9275938,22.555327,0.0,POINT (113.9275938 22.555327),466,466
467,2013-10-22 07:29:30,22223,113.9247098,22.5554445,0.0,POINT (113.9247098 22.5554445),467,467
468,2013-10-22 07:29:33,22223,113.924133,22.555468,0.0,POINT (113.924133 22.555468),468,468
469,2013-10-22 07:29:41,22223,113.922615,22.555532,0.0,POINT (113.922615 22.555532),469,469
470,2013-10-22 07:29:45,22223,113.92177873333333,22.555572266666665,0.0,POINT (113.92177873333333 22.555572266666665),470,470
471,2013-10-22 07:29:56,22223,113.919479,22.555683,0.0,POINT (113.919479 22.555683),471,471
472,2013-10-22 07:30:00,22223,113.91879153333332,22.55564753333333,0.0,POINT (113.91879153333332 22.55564753333333),472,472
473,2013-10-22 07:30:11,22223,113.916901,22.55555,0.0,POINT (113.916901 22.55555),473,473
474,2013-10-22 07:30:15,22223,113.91617246666668,22.55528333333333,0.0,POINT (113.91617246666668 22.55528333333333),474,474
475,2013-10-22 07:30:26,22223,113.914169,22.55455,0.0,POINT (113.914169 22.55455),475,475
476,2013-10-22 07:30:30,22223,113.91358526666669,22.554185466666667,0.0,POINT (113.91358526666669 22.554185466666667),476,476
477,2013-10-22 07:30:41,22223,113.91198,22.553183,0.0,POINT (113.91198 22.553183),477,477
478,2013-10-22 07:30:45,22223,113.91123946666669,22.55281873333333,0.0,POINT (113.91123946666669 22.55281873333333),478,478
479,2013-10-22 07:30:56,22223,113.909203,22.551817,0.0,POINT (113.909203 22.551817),479,479
480,2013-10-22 07:31:00,22223,113.90849214285714,22.551445285714284,0.0,POINT (113.90849214285714 22.551445285714284),480,480
481,2013-10-22 07:31:10,22223,113.906715,22.550516,0.0,POINT (113.906715 22.550516),481,481
482,2013-10-22 07:31:15,22223,113.9062215625,22.5499950625,0.0,POINT (113.9062215625 22.5499950625),482,482
483,2013-10-22 07:31:26,22223,113.905136,22.548849,0.0,POINT (113.905136 22.548849),483,483
484,2013-10-22 07:31:30,22223,113.90493066666666,22.54848953333333,0.0,POINT (113.90493066666666 22.54848953333333),484,484
485,2013-10-22 07:31:41,22223,113.904366,22.547501,0.0,POINT (113.904366 22.547501),485,485
486,2013-10-22 07:31:45,22223,113.90393853333332,22.54726073333333,0.0,POINT (113.90393853333332 22.54726073333333),486,486
487,2013-10-22 07:31:56,22223,113.902763,22.5466,0.0,POINT (113.902763 22.5466),487,487
488,2013-10-22 07:32:00,22223,113.90233793333331,22.546911466666668,0.0,POINT (113.90233793333331 22.546911466666668),488,488
489,2013-10-22 07:32:11,22223,113.901169,22.547768,0.0,POINT (113.901169 22.547768),489,489
490,2013-10-22 07:32:15,22223,113.900693,22.548252,0.0,POINT (113.900693 22.548252),490,490
491,2013-10-22 07:32:26,22223,113.899384,22.549583,0.0,POINT (113.899384 22.549583),491,491
492,2013-10-22 07:32:30,22223,113.89897493333334,22.549983,0.0,POINT (113.89897493333334 22.549983),492,492
493,2013-10-22 07:32:41,22223,113.89785,22.551083,0.0,POINT (113.89785 22.551083),493,493
494,2013-10-22 07:32:45,22223,113.89749,22.551478733333333,0.0,POINT (113.89749 22.551478733333333),494,494
495,2013-10-22 07:32:56,22223,113.8965,22.552567,0.0,POINT (113.8965 22.552567),495,495
496,2013-10-22 07:33:00,22223,113.896183,22.552892,0.0,POINT (113.896183 22.552892),496,496
497,2013-10-22 07:33:04,22223,113.895866,22.553217,0.0,POINT (113.895866 22.553217),497,497
498,2013-10-22 07:33:15,22223,113.89534507142857,22.553701,0.0,POINT (113.89534507142857 22.553701),498,498
499,2013-10-22 07:33:18,22223,113.895203,22.553833,0.0,POINT (113.895203 22.553833),499,499
500,2013-10-22 07:33:30,22223,113.89523675,22.553833,0.0,POINT (113.89523675 22.553833),500,500
501,2013-10-22 07:33:34,22223,113.895248,22.553833,0.0,POINT (113.895248 22.553833),501,501
502,2013-10-22 07:33:45,22223,113.89525973333332,22.553822,0.0,POINT (113.89525973333332 22.553822),502,502
503,2013-10-22 07:33:49,22223,113.895264,22.553818,0.0,POINT (113.895264 22.553818),503,503
504,2013-10-22 07:34:00,22223,113.895264,22.553818,0.0,POINT (113.895264 22.553818),504,504
505,2013-10-22 07:34:04,22223,113.895264,22.553818,0.0,POINT (113.895264 22.553818),505,505
506,2013-10-22 07:34:15,22223,113.89528086666668,22.553818,0.0,POINT (113.89528086666668 22.553818),506,506
507,2013-10-22 07:34:19,22223,113.895287,22.553818,0.0,POINT (113.895287 22.553818),507,507
508,2013-10-22 07:34:30,22223,113.895287,22.553818,0.0,POINT (113.895287 22.553818),508,508
509,2013-10-22 07:34:34,22223,113.895287,22.553818,0.0,POINT (113.895287 22.553818),509,509
510,2013-10-22 07:34:45,22223,113.895287,22.55380553333333,0.0,POINT (113.895287 22.55380553333333),510,510
511,2013-10-22 07:34:49,22223,113.895287,22.553801,0.0,POINT (113.895287 22.553801),511,511
512,2013-10-22 07:35:00,22223,113.8951132,22.5539968,0.0,POINT (113.8951132 22.5539968),512,512
513,2013-10-22 07:35:04,22223,113.89505,22.554068,0.0,POINT (113.89505 22.554068),513,513
514,2013-10-22 07:35:15,22223,113.8942668,22.553627266666663,0.0,POINT (113.8942668 22.553627266666663),514,514
515,2013-10-22 07:35:19,22223,113.893982,22.553467,0.0,POINT (113.893982 22.553467),515,515
516,2013-10-22 07:35:30,22223,113.89268986666666,22.55236773333333,0.0,POINT (113.89268986666666 22.55236773333333),516,516
517,2013-10-22 07:35:34,22223,113.89222,22.551968,0.0,POINT (113.89222 22.551968),517,517
518,2013-10-22 07:35:45,22223,113.8911178,22.551013933333333,0.0,POINT (113.8911178 22.551013933333333),518,518
519,2013-10-22 07:35:49,22223,113.890717,22.550667,0.0,POINT (113.890717 22.550667),519,519
520,2013-10-22 07:36:00,22223,113.890409,22.5503854,0.0,POINT (113.890409 22.5503854),520,520
521,2013-10-22 07:36:04,22223,113.890297,22.550283,0.0,POINT (113.890297 22.550283),521,521
522,2013-10-22 07:36:15,22223,113.890297,22.550283,0.0,POINT (113.890297 22.550283),522,522
523,2013-10-22 07:36:30,22223,113.890297,22.550283,0.0,POINT (113.890297 22.550283),523,523
524,2013-10-22 07:36:34,22223,113.890297,22.550283,0.0,POINT (113.890297 22.550283),524,524
525,2013-10-22 07:36:45,22223,113.89008983333332,22.550111766666667,0.0,POINT (113.89008983333332 22.550111766666667),525,525
526,2013-10-22 07:37:00,22223,113.88980733333332,22.549878266666667,0.0,POINT (113.88980733333332 22.549878266666667),526,526
527,2013-10-22 07:37:04,22223,113.889732,22.549816,0.0,POINT (113.889732 22.549816),527,527
528,2013-10-22 07:37:15,22223,113.8886584,22.548923533333333,0.0,POINT (113.8886584 22.548923533333333),528,528
529,2013-10-22 07:37:19,22223,113.888268,22.548599,0.0,POINT (113.888268 22.548599),529,529
530,2013-10-22 07:37:30,22223,113.8873726,22.5478664,0.0,POINT (113.8873726 22.5478664),530,530
531,2013-10-22 07:37:34,22223,113.887047,22.5476,0.0,POINT (113.887047 22.5476),531,531
532,2013-10-22 07:37:45,22223,113.88689006666668,22.547539866666668,0.0,POINT (113.88689006666668 22.547539866666668),532,532
533,2013-10-22 07:37:49,22223,113.886833,22.547518,0.0,POINT (113.886833 22.547518),533,533
